name,id.x,popularity,followers,user,id.y,collaborators,genre,record_label
･ ･－･ ･－ ･･･ ･ －･･,0EUOiLsLpv9g7H9YCzUnBS,40,240972,C,0EUOiLsLpv9g7H9YCzUnBS,,"alternaive, singer songwriter",Unknown
21 Savage,1URnnhqYAYcrqrcwql10ft,86,24083002,M,1URnnhqYAYcrqrcwql10ft,"A$AP Rocky, Brent Faiyaz, Calvin Harris, Central Cee, Drake, Future, Gucci Mane, Gunna, Jhené Aiko, King Von, Kodak Black, Lil Baby, Lil Durk, Metro Boomin, Offset, Quavo, SahBabii, Travis Scott, Tyler, The Creator, Young Nudy, Young Thug","rap, trap","OVO / Republic Records, Republic Records, Slaughter Gang, LLC/Epic Records, Slaughter Gang, LLC/Epic/Boominati Worldwide/Republic"
2hollis,72NhFAGG5Pt91VbheJeEPG,72,577572,I,72NhFAGG5Pt91VbheJeEPG,,"electroclash, hyperpop","2hollis, 2hollis under exclusive license to Interscope Records"
42 Dugg,45gHcnDnMC15sgx3VL7ROG,70,1609971,M,45gHcnDnMC15sgx3VL7ROG,"Future, Lil Baby, Lil Durk, Lil Tjay, Lil Uzi Vert, Meek Mill, Moneybagg Yo, Tee Grizzley","detroit hip hop, trap","4PF/CMG, 4PF/CMG/Interscope Records, CMG/4PF/Free Dem Boyz, CMG/Warlike/Interscope Records, NEW CMG 42 Dugg P&D"
6ix9ine,7gZfnEnfiaHzxARJ2LeXrf,72,6970203,M,7gZfnEnfiaHzxARJ2LeXrf,"A Boogie Wit da Hoodie, Gunna, Kanye West, Kodak Black, Lil Baby, Offset, Tory Lanez, Young Thug","rap, trap","6ix9ine, 6ix9ine / La Corporación Music, ScumGang Records / TenThousand Projects, LLC, Scumgang Records, Scumgang/TenThousand Projects"
A Beacon School,5Kbx8AkkM7259YdQh4rTdX,38,50151,C,5Kbx8AkkM7259YdQh4rTdX,,dream pop,Grind Select
A Boogie Wit da Hoodie,31W5EY0aAly4Qieq6OFu6I,79,9031342,M,31W5EY0aAly4Qieq6OFu6I,"21 Savage, 6ix9ine, DaBaby, Ed Sheeran, Future, Gunna, Kap G, Kodak Black, Lil Durk, Lil Tecca, Lil Uzi Vert, Meek Mill, NAV, Offset, Pop Smoke, Tiësto, Tory Lanez, Young Thug",melodic rap,"Highbridge The Label, Highbridge the Label / Atlantic Records"
A Perfect Circle,4DFhHyjvGYa9wxdHUjtDkc,64,2087185,C,4DFhHyjvGYa9wxdHUjtDkc,,alternative metal,"A Perfect Circle, BMG Rights Management (US) LLC, Virgin Records"
A$AP Rocky,13ubrt8QOOCPljQ2FL1Kca,84,17470729,M,13ubrt8QOOCPljQ2FL1Kca,"21 Savage, A Boogie Wit da Hoodie, BlocBoy JB, Blood Orange, Brent Faiyaz, Dean Blunt, DJ Candlestick, DJ Premier, Drake, Frank Ocean, Future, Gucci Mane, ISO Supremacy, Kanye West, Kendrick Lamar, Kodak Black, Lil Uzi Vert, Lil Yachty, MadeinTYO, Metro Boomin, Moby, Mustard, Offset, Playboi Carti, Pop Smoke, Quavo, Rich The Kid, Skepta, The Weeknd, Tyler, The Creator, Young Thug",rap,A$AP Worldwide/Polo Grounds Music/RCA Records
ABBA,0LcJLqbBmaGUft1e9Mm8HV,81,15045207,M,0LcJLqbBmaGUft1e9Mm8HV,,"disco, pop",Polar Music International AB
Alex G,6lcwlkAjBPSKnFBZjjZFJs,76,3611920,"I, C",6lcwlkAjBPSKnFBZjjZFJs,,indie,"A24 Music, Alex G/RCA Records, Domino Recording Co, Lucky Number, Many Hats Distribution, Milan"
Amen Dunes,1jwOuEBcOKq0BeudSarbEM,35,78199,C,1jwOuEBcOKq0BeudSarbEM,,"alternative, indie","Sacred Bones Records, Sub Pop Records"
Antoni Wit,2OJaTm0rPZVyMA5k5s8vbh,49,2411,I,2OJaTm0rPZVyMA5k5s8vbh,"Camille Saint-Saëns, Frédéric Chopin, Idil Biret, Johannes Brahms, Markus Pawlik, Moritz Moszkowski, Polish National Radio Symphony Orchestra","classical, requiem","CD Accord, CapriccioNR, DUX, Naxos, Naxos Special Projects"
Arcade Fire,3kjuyTCjPG1WMFCiyc5IuB,64,2403466,C,3kjuyTCjPG1WMFCiyc5IuB,,"baroque pop, indie rock","Columbia, Masterworks, Sony Music CG"
Arctic Monkeys,7Ln80lUS6He07XvHI8qqHH,86,32398889,I,7Ln80lUS6He07XvHI8qqHH,,"garage rock, indie","Domino Recording Co, Domino/Warner Records"
Ariana Grande,66CXWjxzNUsdJxJ2JdwvnR,94,107981653,M,66CXWjxzNUsdJxJ2JdwvnR,"Childish Gambino, Future, The Weeknd",pop,"Republic Records, Universal Records, Universal Studios and Republic Records, Wicked Soundtrack"
Ariel Pink,5H0YoDsPDi9fObFmJtTjfN,49,337309,C,5H0YoDsPDi9fObFmJtTjfN,,neo-psychedelic,"4AD, AjA Records, Golden Triangles, LAC Records, MG.ART, Mexican Summer, Play Nice, Spunky Monkey Music"
Augustine Mayuga Gonzales,5rIiXGQsgxh3nQhEpFIbx7,45,3220,I,5rIiXGQsgxh3nQhEpFIbx7,"David Peacock, Toby Fox",indie,"Materia Collective, Mecha Dream Records, infin et al."
Avicii,1vCWHaC5f2uS3yhpwWbIA6,81,23467417,I,1vCWHaC5f2uS3yhpwWbIA6,"Joel Corry, Tiësto",edm,"Pophouse Entertainment Group, Universal Music AB"
bar italia,6tYmTHApvspl6KAgTfHjAY,49,86285,C,6tYmTHApvspl6KAgTfHjAY,,lo-fi indie,"Many Hats Distribution, Matador, World Music"
Beach House,56ZTgzPBDge0OvCGgMO3OY,73,2841042,"I, C",56ZTgzPBDge0OvCGgMO3OY,,"dream pop, pop","Lemon Glow Records, Sub Pop Records"
Big Scarr,579LsvZcRVKtToYjS0tkKz,60,642414,M,579LsvZcRVKtToYjS0tkKz,"Gucci Mane, Key Glock, NLE Choppa, Offset, Pooh Shiesty","southern hip hop, trap","1017/Atlantic, Atlantic Records"
Billie Holiday,1YzCsTRb22dQkh9lghPIrp,66,2081648,I,1YzCsTRb22dQkh9lghPIrp,,"big band, jazz, jazz blues, vocal jazz","Diggers Factory, Editions Audiovisuel Beulah, Ermitage Records, Mouton Recordings, OVC Media, Verve, Verve Reissues, Wet Music"
Bladee,2xvtxDNInKDV4AvGmjw6d1,69,636868,I,2xvtxDNInKDV4AvGmjw6d1,"Ecco2k, Nation, Oklou, Thaiboy Digital, Varg²™, Yung Lean","cloud rap, hyperpop","Trash Island, World Affairs, YEAR0001"
BlocBoy JB,4TEJudQY2pXxVHPE3gD2EU,55,1439605,M,4TEJudQY2pXxVHPE3gD2EU,"21 Savage, Drake, HoodRich Pablo Juan, Lil Durk, Lil Uzi Vert, Moneybagg Yo, NLE Choppa, Pooh Shiesty","southern hip hop, trap","Bloc Nation, BlocBoy JB, Foundation Entertainment/Interscope Records"
Blood Orange,6LEeAFiJF8OuPx747e1wxR,72,1366600,C,6LEeAFiJF8OuPx747e1wxR,"A$AP Rocky, Skepta, Steve Lacy, Tame Impala, Yves Tumor",art pop,"Domino Recording Co, Domino Recording Co./RCA Records"
bôa,5jTtGLk1mGFMY5lQOvJYUj,69,1209598,C,5jTtGLk1mGFMY5lQOvJYUj,,alternative rock,Nettwerk Music Group
Bob Seger,485uL27bPomh29R4JmQehQ,69,2904844,C,485uL27bPomh29R4JmQehQ,,classic rock,"Bob Seger, Capitol Records (CAP)"
Bon Iver,4LEiUm1SRbFMgfqnQTwUbQ,77,3957626,C,4LEiUm1SRbFMgfqnQTwUbQ,,"experimental pop, indie folk",Jagjaguwar
Brent Faiyaz,3tlXnStJ1fFhdScmQeLpuG,81,7991267,M,3tlXnStJ1fFhdScmQeLpuG,"21 Savage, A$AP Rocky, DJ Candlestick, Don Toliver, Drake, FELIX!, Gucci Mane, ISO Supremacy, Kanye West, Meek Mill, Tommy Richman, Tyler, The Creator",r&b,"ISO Supremacy under exclusive license to UnitedMasters LLC, Lost Kids, Lost Kids LLC., Marketed by Venice / Stem"
Bright Eyes,5o206eFLx38glA2bb4zqIU,55,647354,I,5o206eFLx38glA2bb4zqIU,,"indie, indie folk","15 Passenger, Dead Oceans, Saddle Creek, Thirsty Ear Recordings"
Bush,78SHxLdtysAXgywQ4vE0Oa,65,2120682,C,78SHxLdtysAXgywQ4vE0Oa,,"grunge, post-grunge","Atlantic Recording Corporation for the United States and WEA International Inc. for the world outside of the United States, BMG Rights Management (US) LLC, Cleopatra Records, Zuma Rock Records, earMUSIC"
Calvin Harris,7CajNmpbOovFoOoasH2HaY,85,23122521,M,7CajNmpbOovFoOoasH2HaY,"21 Savage, Ariana Grande, Frank Ocean, Future, Joel Corry, Lil Durk, Lil Yachty, Migos, Offset, Steve Lacy, The Weeknd, Tiësto, Travis Scott, Young Thug",edm,Columbia
Camille Saint-Saëns,436sYg6CZhNefQJogaXeK0,67,441790,I,436sYg6CZhNefQJogaXeK0,"Antoni Wit, Christine Croshaw, Daniel Barenboim, Gabriel Fauré, Idil Biret, Polish National Radio Symphony Orchestra",classical,"Berlin Classics, Chandos Records, Paraty, UME - Global Clearing House, Warner Classics"
Car Seat Headrest,5PbpKlxQE0Ktl5lcNABoFf,61,909790,I,5PbpKlxQE0Ktl5lcNABoFf,,"indie rock, midwest, midwest emo","551448 Records DK, 551448 Records DK2, Matador"
Castillo_1st,1SlEW6aktLpc1N6YvdEOmF,32,16359,M,1SlEW6aktLpc1N6YvdEOmF,,"latin hip hop, rap",Unknown
Cavetown,2hR4h1Cao2ueuI7Cx9c7V8,68,4462564,I,2hR4h1Cao2ueuI7Cx9c7V8,,"bedroom pop, indie","Oat Milk Industries and Many Hats Endeavors, Sire"
Central Cee,5H4yInM5zmHqpKIoMNAx4r,80,9864218,M,5H4yInM5zmHqpKIoMNAx4r,"21 Savage, D-Block Europe, Dave, Drake, Ed Sheeran, Fredo, Lil Baby, Lil Durk, Skepta","drill, grime, uk drill, uk grime","Central Cee, Columbia"
Chanel Beads,3x11XrMEnyP18hv73pmKRL,48,51783,C,3x11XrMEnyP18hv73pmKRL,,lo-fi indie,Jagjaguwar
Chet Baker,3rxeQlsv0Sc2nyYaZ5W71T,67,1345926,I,3rxeQlsv0Sc2nyYaZ5W71T,,"cool jazz, jazz, vocal jazz","Circle Records Germany, Diggers Factory, Elemental Music Records SL, Red records, Right Tempo, Slow Down Sounds, LLC, Timeless Records, UME - Global Clearing House, Universal Music Division Decca Records France"
Chevelle,56dO9zeHKuU5Gvfc2kxHNw,70,2195715,C,56dO9zeHKuU5Gvfc2kxHNw,,"alternative metal, nu metal, post-grunge","BMG Rights Management (US) LLC, Epic"
Childish Gambino,73sIBHcqh3Z3NyqHKZ7FOL,80,14663512,C,73sIBHcqh3Z3NyqHKZ7FOL,"21 Savage, Ariana Grande, Jhené Aiko, Yeat, Young Nudy","hip-hop, r&b, rap","Glassnote - VMG, Wolf+Rothstein/RCA Records"
Christine Croshaw,1ymHnk986duca17oMSDzwb,28,204,I,1ymHnk986duca17oMSDzwb,"Camille Saint-Saëns, Gabriel Fauré","classical, classical piano",Meridian Records
Cigarettes After Sex,1QAJqy2dA3ihHBFIHRphZj,85,17635918,I,1QAJqy2dA3ihHBFIHRphZj,,"dream pop, pop",Partisan Records
CKay,048LktY5zMnakWq7PTtFrz,69,1738861,M,048LktY5zMnakWq7PTtFrz,ElGrandeToto,"afro r&b, afrobeat, afrobeats, afropop","Chocolate City Music, WM South Africa, Warner Music Africa"
Clarion,7KJSk2ytUFik1LGqFGHOLW,52,46111,C,7KJSk2ytUFik1LGqFGHOLW,,shoegaze,Unknown
Cocteau Twins,5Wabl1lPdNOeIn0SQ5A1mp,67,1407686,C,5Wabl1lPdNOeIn0SQ5A1mp,,"dream pop, gothic rock, shoegaze","4AD, EMI, UMC (Universal Music Catalogue)"
Coldplay,4gzpq5DPGxSnKTe4SA8HAU,90,61329594,"M, C",4gzpq5DPGxSnKTe4SA8HAU,Tiësto,"alternative rock, pop rock","Parlophone Records Limited, Parlophone UK"
Conan Gray,4Uc8Dsxct0oMqx0P6i60ea,81,12532269,I,4Uc8Dsxct0oMqx0P6i60ea,,indie,Republic Records
Craft Spells,16lg8y62dC3J6ok1pNAbFJ,39,135354,C,16lg8y62dC3J6ok1pNAbFJ,,"chillwave, dream pop",Captured Tracks
Crumb,4kSGbjWGxTchKpIxXPJv0B,58,667420,I,4kSGbjWGxTchKpIxXPJv0B,,"alt, bedroom pop, neo-psychedelic",Crumb Records
Crystal Castles,7K3zpFXBvPcvzhj7zlGJdO,71,3339226,C,7K3zpFXBvPcvzhj7zlGJdO,,"alternative dance, electroclash, new rave, witch house","Last Gang, [PIAS] Recordings Catalogue"
D-Block Europe,5VadK1havLhK1OpKYsXv9y,75,1809764,M,5VadK1havLhK1OpKYsXv9y,"Central Cee, Dave, Ed Sheeran, Kodak Black, Lil Baby, Lil Tjay, Offset, Rich The Kid, Skepta","grime, uk drill","D-Block Europe, D-Block Europe & Yxng Bane"
DaBaby,4r63FhuTkUYltbVAg5TQnk,78,13019578,M,4r63FhuTkUYltbVAg5TQnk,"21 Savage, A Boogie Wit da Hoodie, Drake, Future, Gucci Mane, Gunna, Kodak Black, Lil Baby, Lil Yachty, Meek Mill, Migos, Moneybagg Yo, Offset, Polo G, Pooh Shiesty, Quality Control, Quavo, Rich The Kid, Young Thug","rap, trap","South Coast Music Group, South Coast Music Group / Interscope Records / Atlantic Records, South Coast Music Group LLC, distributed by Interscope Records, South Coast Music Group, LLC, distributed by Interscope Records, South Coast Music Group/Interscope Records"
Daniel Barenboim,78sEozQOEJxzXegUuqRSgH,63,155366,I,78sEozQOEJxzXegUuqRSgH,"Camille Saint-Saëns, Frédéric Chopin, Gabriel Fauré, Johannes Brahms","chamber music, classical, classical piano, opera","UME - Global Clearing House, Warner Classics, Warner Music Group - X5 Music Group"
Dave,6Ip8FS7vWT1uKkJSweANQK,81,6704120,M,6Ip8FS7vWT1uKkJSweANQK,"Central Cee, D-Block Europe, Drake, Ed Sheeran, Fredo","drill, grime, uk drill, uk grime","Dave, Neighbourhood, Neighbourhood [GB] / Dave"
David Fray,6ngR3n1aQ7GLB5w46hqSWR,48,12461,I,6ngR3n1aQ7GLB5w46hqSWR,Frédéric Chopin,"classical, classical piano","Erato/Warner Classics, Warner Classics"
David Peacock,6DGLXvs8Y2RO8VfdOpFLml,44,6037,I,6DGLXvs8Y2RO8VfdOpFLml,"Augustine Mayuga Gonzales, Toby Fox",indie,"David Peacock, Materia Collective, Mecha Dream Records, infin et al."
Dean Blunt,5CFSYjc0PAiQvndFjafabk,66,465826,C,5CFSYjc0PAiQvndFjafabk,"A$AP Rocky, Joanne Robertson, jonatan leandoer96, Skepta, Vegyn",art pop,"L.A. Club Resource, Rough Trade, WORLD MUSIC, World Music"
Deftones,6Ghvu1VvMGScGpOUJBAHNH,83,7869837,"I, C",6Ghvu1VvMGScGpOUJBAHNH,,"alternative metal, edm, nu metal, rap metal, rock, shoegaze","Maverick, Reprise"
Department Of Eagles,0d2BmAcZ7p8vrtBPY48WMW,29,53227,C,0d2BmAcZ7p8vrtBPY48WMW,,indie,"4AD, Ear Park Music"
DIIV,4OrizGCKhOrW6iDDJHN9xd,48,413862,C,4OrizGCKhOrW6iDDJHN9xd,,"dream pop, shoegaze","Captured Tracks, Fantasy"
DJ Candlestick,0Ld26D4Ya5Od7ZZpLanfQJ,47,12842,M,0Ld26D4Ya5Od7ZZpLanfQJ,"A$AP Rocky, Brent Faiyaz, Don Toliver, Drake, FELIX!, Gunna, ISO Supremacy, Kendrick Lamar, Lil Baby, Masego, Rich The Kid, Tommy Richman, Tyler, The Creator","hip hop, turntablism","Blixky Ent., CHOPNOTSLOP ENT, CLS Music, ChopNotSlop Ent., ISO Supremacy under exclusive license to UnitedMasters LLC, OVO Sound, Viper Records"
DJ Premier,6GEykX11lQqp92UVOQQCC7,67,327583,C,6GEykX11lQqp92UVOQQCC7,,east coast hip hop,"420 Music / Coalmine Records, TTT, Year Round Records, year round records"
DNCE,6T5tfhQCknKG4UnH90qGnz,68,4597954,M,6T5tfhQCknKG4UnH90qGnz,,"dance pop, pop","Joseph Jonas/Republic Records, Republic Records"
Död Mark,36ufPZjygPOubok9wycfl9,36,47807,I,36ufPZjygPOubok9wycfl9,,indie,YEAR0001
Don Toliver,4Gso3d4CscCijv0lmajZWs,86,7630205,M,4Gso3d4CscCijv0lmajZWs,"Brent Faiyaz, DJ Candlestick, Future, Gunna, Kodak Black, Lil Durk, Lil Uzi Vert, Masego, Metro Boomin, Mustard, NAV, Offset, Playboi Carti, Quavo, Travis Scott, Yeat","melodic rap, rap, trap","Cactus Jack / Atlantic, We Run It Ent./Cactus Jack/Atlantic"
Downstait,4g6EnIPhmYBTZ7vsmxDkxH,47,54807,M,4g6EnIPhmYBTZ7vsmxDkxH,,"alternative metal, hard rock",Downstait
Drake,3TVXtAsR1Inumwj472S9r4,97,104131521,M,3TVXtAsR1Inumwj472S9r4,"21 Savage, BlocBoy JB, Brent Faiyaz, Central Cee, DaBaby, Dave, DJ Candlestick, Eminem, Future, Gucci Mane, Gunna, Jhené Aiko, Kanye West, Kendrick Lamar, Lil Baby, Lil Durk, Lil Yachty, Meek Mill, Metro Boomin, Michael Jackson, Migos, Offset, Playboi Carti, Quavo, The Weeknd, Travis Scott, Yeat, Young Stoner Life, Young Thug",rap,"Cash Money Records/Young Money Ent./Universal Rec., Cash Money/Drake LP6, OVO, OVO / Republic Records, OVO Sound, OVO/Republic"
"Dream, Ivory",0qZyvjwZauLmrobrpJmvib,65,525269,I,0qZyvjwZauLmrobrpJmvib,,alt,"Dream, Ivory LLC"
Duster,5AyEXCtu3xnnsTGCo4RVZh,64,1273182,"I, C",5AyEXCtu3xnnsTGCo4RVZh,,"edm, shoegaze, slowcore",Numero Group
Earl Sweatshirt,3A5tHz1SfngyOZM2gItYKu,69,2399446,I,3A5tHz1SfngyOZM2gItYKu,"Frank Ocean, The Alchemist, Tyler, The Creator","alternative hip hop, experimental hip hop, hiphop","Tan Cressida/Columbia, Warner Records"
Ecco2k,6hG0VsXXlD10l60TqiIHIX,61,352318,I,6hG0VsXXlD10l60TqiIHIX,"Bladee, Nation, Thaiboy Digital, Yung Lean","cloud rap, hyperpop",YEAR0001
Ed Sheeran,6eUKZXaKkcviH0Ku9w2n3V,90,123345894,M,6eUKZXaKkcviH0Ku9w2n3V,"A Boogie Wit da Hoodie, Central Cee, D-Block Europe, Dave, Eminem, Joel Corry, Lil Baby, Meek Mill, Tiësto, Travis Scott, Young Thug",soft pop,"Atlantic Records UK, Gingerbread Man Records, Gingerbread Man Records / Atlantic Records UK"
EDEN,1t20wYnTiAT0Bs7H1hv9Wt,61,1006702,I,1t20wYnTiAT0Bs7H1hv9Wt,,alt,"EDEN-Astralwerks, MCMXCV, MCMXCV (EDEN), MCMXCV LTD."
ElGrandeToto,4BFLElxtBEdsdwGA1kHTsx,70,4483357,M,4BFLElxtBEdsdwGA1kHTsx,CKay,"arabic hip hop, moroccan pop, moroccan rap","BNJ CITY BLOCK, ElGrandeToto"
Ella Fitzgerald,5V0MlUE1Bft0mbLlND7FJz,73,2742990,I,5V0MlUE1Bft0mbLlND7FJz,,"big band, christmas, jazz, jazz blues, swing music, vocal, vocal jazz","Diggers Factory, MC - Music Central, Mouton Recordings, Primary Wave Music, The Moment of Truth, UME - Global Clearing House, Verve, WTM CLASSIC"
Elliott Smith,2ApaG60P4r0yhBoDCGD8YG,67,1363385,I,2ApaG60P4r0yhBoDCGD8YG,,"indie, singer-songwriter","DreamWorks, Geffen, Kill Rock Stars"
Eminem,7dGJo4pcD2V6oG8kP0tJRR,90,105324431,M,7dGJo4pcD2V6oG8kP0tJRR,"DJ Premier, Don Toliver, Drake, Ed Sheeran, Kanye West, Kendrick Lamar, Polo G","hip hop, rap","Eminem Catalog PS, Shady/Aftermath/Interscope Records"
empire! empire! (i was a lonely estate),3IaqcRr2teHDEqhRE5emu9,34,53051,C,3IaqcRr2teHDEqhRE5emu9,,"emo, math rock, midwest emo, screamo","Count Your Lucky Stars, Empire! Empire! (I Was a Lonely Estate)"
Enigma,3DmG65yHQsMms7WAvrZOdt,65,1108271,C,3DmG65yHQsMms7WAvrZOdt,,"gregorian chant, new age","Polydor, Virgin"
Faramarz Aslani,1xA7r3Y1UGCp3rQMkgFXz4,39,141452,M,1xA7r3Y1UGCp3rQMkgFXz4,,"iranian pop, persian pop","Bamahang Productions, Caltex Records, DBF Records, Parastoo Production, Pars Video"
Felipe Da Don,4kZt5tLRG8CuE2xmhO9k2r,10,9073,M,4kZt5tLRG8CuE2xmhO9k2r,"Gunna, Lil Baby","latin hip hop, latin trap",Unknown
FELIX!,1DN9Pgv4fiAaRSSgiisj5G,53,46679,M,1DN9Pgv4fiAaRSSgiisj5G,,"hip hop, rap",broke
Fleet Foxes,4EVpmkEwrLYEg6jIsiPMIb,65,1453730,C,4EVpmkEwrLYEg6jIsiPMIb,,"folk, indie, indie folk","Anti/Epitaph, Nonesuch, Sub Pop Records"
Fleetwood Mac,08GQAI4eElDnROBrJRGE0X,85,14129737,"I, C",08GQAI4eElDnROBrJRGE0X,,"classic rock, rock, soft rock, yacht rock","Reprise, Rhino/Warner Records, Ryko/Rhino, Sony Music CG, Warner Records"
Flozigg,0pTI6gG0UHQjylvV6mPuHv,39,34209,M,0pTI6gG0UHQjylvV6mPuHv,,"drill, uk drill",Unknown
Fog Lake,04GCjO1r1hPelibCUq9S8H,50,154390,C,04GCjO1r1hPelibCUq9S8H,,"lo-fi indie, slowcore",Fog Lake
Fontaines D.C.,3SXwqSqAoBz9WCI9PDQzY6,72,1169316,C,3SXwqSqAoBz9WCI9PDQzY6,,post-punk,"Partisan Records, XL Recordings"
Foxes In Fiction,3GSt4ZSP1wEtdbcTTbwjpW,32,30077,C,3GSt4ZSP1wEtdbcTTbwjpW,,"dream pop, shoegaze",Orchid Tapes
Frank Ocean,2h93pZq0e7k5yf4dywlkpM,85,20536143,I,2h93pZq0e7k5yf4dywlkpM,"Earl Sweatshirt, Tyler, The Creator",alt,"Boys Don't Cry, Red Zone Entertainment / IDJ"
Frank Sinatra,1Mxqyy3pSjf8kZZL4QVxS0,83,8467991,I,1Mxqyy3pSjf8kZZL4QVxS0,,"adult standards, big band, christmas, jazz, swing music, vocal, vocal jazz","CAPITOL CATALOG MKT (C92), Diggers Factory, FRANK SINATRA DIGITAL REPRISE, Good Music, Mouton Recordings, WTM CLASSIC"
Franz Gordon,6c9mrV72IOeJ5imCUK281g,56,43070,I,6c9mrV72IOeJ5imCUK281g,,indie,Unknown
Freddie Gibbs,0Y4inQK6OespitzD6ijMwb,70,1491998,C,0Y4inQK6OespitzD6ijMwb,"Earl Sweatshirt, Gucci Mane, Masego, Moneybagg Yo, Offset, The Alchemist, Tory Lanez, Tyler, The Creator","alternative hip hop, jazz rap","ESGN / ALC / EMPIRE, ESGN / EMPIRE, ESGN / Jet Life Recordings / ALC / EMPIRE, Freddie Gibbs, Freddie Gibbs and Alchemist, Madlib Invazion, Madlib Invazion/ESGN/Keep Cool/RCA Records, Warner Records"
Frédéric Chopin,7y97mc3bZRFXzT2szRM4L4,75,3581865,I,7y97mc3bZRFXzT2szRM4L4,"Antoni Wit, Daniel Barenboim, David Fray, Idil Biret, Polish National Radio Symphony Orchestra","classical, classical piano","Decca Music Group Ltd., Novus Promusica, UME - Global Clearing House, Verbier Festival Gold, Warner Classics"
Fredo,3rbtPd0NcvhO2AzMfzx90z,63,957712,M,3rbtPd0NcvhO2AzMfzx90z,"Central Cee, Dave, Pop Smoke, Tory Lanez","drill, grime, uk drill, uk grime","PG Records, RCA/Since 93, Since 93"
Free Party,2A1dxDBORVkkbHJDVDOhed,47,56049,M,2A1dxDBORVkkbHJDVDOhed,,"drill, uk drill","Omnificent Republic, Omnificent Republic Co"
From Indian Lakes,3YvQkjWJ5ykJVUNP7YbTy9,39,85861,C,3YvQkjWJ5ykJVUNP7YbTy9,,pop,"From Indian Lakes, Triple Crown Records, little shuteye"
Fugazi,62sC6lUEWRjbFqXpMmOk4G,55,691265,I,62sC6lUEWRjbFqXpMmOk4G,,"hardcore punk, indie, noise rock, post-hardcore, punk",Dischord Records
Future,1RyvyyTE3xzB2ZywiAwp0i,90,22924161,M,1RyvyyTE3xzB2ZywiAwp0i,"21 Savage, 42 Dugg, A$AP Rocky, DaBaby, Don Toliver, Drake, Gucci Mane, Gunna, Kanye West, Kendrick Lamar, Kodak Black, Lil Baby, Lil Durk, Lil Uzi Vert, Meek Mill, Metro Boomin, Migos, Offset, Playboi Carti, Quavo, Southside, The Weeknd, Tiësto, Travis Scott, Young Thug",rap,"Epic/Freebandz, Generation Now/Atlantic, Wilburn Holding Co./Boominati/Epic/Republic, Wilburn Holding Co./Epic"
Gabriel Fauré,2gClsBep1tt1rv1CN210SO,62,233670,I,2gClsBep1tt1rv1CN210SO,"Camille Saint-Saëns, Christine Croshaw, Daniel Barenboim","classical, requiem","Novus Promusica, UME - Global Clearing House, Warner Classics"
George Clanton,1G5v3lpMz7TeoW0yGpRQHr,59,140808,C,1G5v3lpMz7TeoW0yGpRQHr,,"chillwave, vaporwave","100% Electronica, 100% Electronica LLC, Blissful Serenity Industries, LLC"
Georgian Folk,3D21btY4uY8j3LYwAR7zwz,52,24770,M,3D21btY4uY8j3LYwAR7zwz,,"folk, georgian folk",Unknown
German Error Message,4Zjxd2hv7Hb8zJMIy8A1TM,41,43220,C,4Zjxd2hv7Hb8zJMIy8A1TM,,"ambient folk, lo-fi indie, slowcore","Cave Tour Records, German Error Message"
girl in red,3uwAm6vQy7kWPS2bciKWx9,74,8852519,I,3uwAm6vQy7kWPS2bciKWx9,,"bedroom pop, vocal","Columbia, world in red"
Gorky's Zygotic Mynci,5ShFRZUGJZL1qMkIPtYV5M,26,27183,I,5ShFRZUGJZL1qMkIPtYV5M,,"britpop, neo-psychedelic, pop","EMI, Mantra"
GRAZER,66npZ0iLHcWmV2DAC8oYRF,35,9660,C,66npZ0iLHcWmV2DAC8oYRF,,"dream pop, lo-fi indie, shoegaze","Cascine, Independent"
Grizzly Bear,2Jv5eshHtLycR6R8KQCdc4,55,860868,C,2Jv5eshHtLycR6R8KQCdc4,,"baroque pop, indie, indie rock","Audraglint, Grizzly Bear Music/RCA Records, Kanine Records, Warp Records"
Gucci Mane,13y7CgLHjMVRMDqxdx0Xdo,77,6024548,M,13y7CgLHjMVRMDqxdx0Xdo,"21 Savage, A Boogie Wit da Hoodie, A$AP Rocky, Big Scarr, DaBaby, Don Toliver, Drake, Future, Gunna, HoodRich Pablo Juan, Kanye West, Key Glock, Kodak Black, Lil Baby, Lil Durk, Lil Tjay, Lil Uzi Vert, Lil Yachty, Meek Mill, Migos, NAV, Offset, Pooh Shiesty, Quavo, Rich The Kid, The Weeknd, Travis Scott, Young Dolph, Young Nudy, Young Thug, Yung Lean","rap, southern hip hop, trap","1017/Atlantic, Big Cat"
Gunna,2hlmm7s2ICUX0LVIhVFlZQ,87,10533853,M,2hlmm7s2ICUX0LVIhVFlZQ,"21 Savage, DaBaby, Don Toliver, Drake, Felipe Da Don, Future, HoodRich Pablo Juan, Kodak Black, Lil Baby, Lil Durk, Lil Tecca, Lil Uzi Vert, Lil Yachty, Metro Boomin, Moneybagg Yo, NAV, Offset, Playboi Carti, Southside, Tm88, Tory Lanez, Travis Scott, Young Stoner Life, Young Thug",melodic rap,"300 Entertainment, Quality Control Music/Young Stoner Life Records, a 300 Entertainment Label/Motown Records/Capitol Records"
Have A Nice Life,0FRKTwQSToXpCxYMhyUzYY,56,515808,C,0FRKTwQSToXpCxYMhyUzYY,,"shoegaze, slowcore","NL, The Flenser"
Her's,77mJc3M7ZT5oOVM7gNdXim,65,1212035,C,77mJc3M7ZT5oOVM7gNdXim,,indie,Heist Or Hit Records
Hibou,60S3PHPmmVaBxa0zrcAiHq,37,45394,C,60S3PHPmmVaBxa0zrcAiHq,,dream pop,"3722803 Records DK2, Barsuk Records, Spirit Goth Records"
HoodRich Pablo Juan,1ZLO8d7zll1WeQJUHaxQer,48,533304,M,1ZLO8d7zll1WeQJUHaxQer,"BlocBoy JB, Gucci Mane, Gunna, Kap G, Key Glock, Lil Baby, Lil Uzi Vert, Lil Yachty, MadeinTYO, Migos, NAV, NLE Choppa, Offset, Playboi Carti, Quavo, Rich The Kid, Young Dolph, Young Thug","southern hip hop, trap","Alamo, LilCJ Kasino, Mony Powr RSpt / EMPIRE, Mony Powr RSpt / Hoodrich / EMPIRE, Super"
Hope Sandoval & The Warm Inventions,38u18VoGaIwVeSyVoA0eU5,49,195153,C,38u18VoGaIwVeSyVoA0eU5,,"art pop, dream pop, slowcore","Nettwerk Music Group, Tendril Tales"
Huncho Jack,6extd4B6hl8VTmnlhpl2bY,56,1200857,M,6extd4B6hl8VTmnlhpl2bY,"Offset, Quavo, Travis Scott","rap, trap",Quality Control Music - Epic
Idil Biret,5SBOWUBQdfga0xprPVBxOr,50,17047,I,5SBOWUBQdfga0xprPVBxOr,"Antoni Wit, Camille Saint-Saëns, Frédéric Chopin, Gabriel Fauré, Johannes Brahms, Polish National Radio Symphony Orchestra","classical, classical piano","Idil Biret Archive, Naxos Special Projects"
Indila,0FEJqmeLRzsXj8hgcZaAyB,71,2585730,M,0FEJqmeLRzsXj8hgcZaAyB,,french pop,Universal Music Division Island Def Jam
Interpol,3WaJSfKnzc65VDgmj2zU8B,64,1834203,C,3WaJSfKnzc65VDgmj2zU8B,,"indie rock, post-punk","Matador, Third Man Records"
ISO Supremacy,6rUez8y21xlLrYKExcXB1X,55,4845,M,6rUez8y21xlLrYKExcXB1X,"A$AP Rocky, Brent Faiyaz, DJ Candlestick, FELIX!, Tommy Richman",dark r&b,ISO Supremacy under exclusive license to UnitedMasters LLC
Jaymay,42lt7Lr6m3qVIesp9pP4oH,29,26657,I,42lt7Lr6m3qVIesp9pP4oH,,"anti-folk, indie","Jaymay Music, Jaymay Songs, Parlophone UK"
Jeff Buckley,3nnQpaTvKb5jCQabZefACI,74,2350970,"I, C",3nnQpaTvKb5jCQabZefACI,,indie,"Columbia/Legacy, Evolver Entertainment, Legacy Recordings"
Jeremy Zucker,3gIRvgZssIb9aiirIg0nI3,66,2363447,I,3gIRvgZssIb9aiirIg0nI3,,indie,"Mercury Records/Republic Owned, Republic Records, Universal Records"
Jhené Aiko,5ZS223C6JyBfXasXxrRqOk,77,9687637,M,5ZS223C6JyBfXasXxrRqOk,"21 Savage, Childish Gambino, Future, Kendrick Lamar, Kurupt, Lil Durk, Pop Smoke",r&b,"APG Inc – Sleep Soul, Def Jam Recordings"
Joanne Robertson,4MdQ9btIlh6rzIMA19tu3L,48,41805,C,4MdQ9btIlh6rzIMA19tu3L,Dean Blunt,art pop,"AD 93, Escho, Textile, WORLD MUSIC, World Music"
Joel Corry,6DgP9otnZw5z6daOntINxp,68,474083,M,6DgP9otnZw5z6daOntINxp,"Avicii, Calvin Harris, Ed Sheeran, Tiësto, Tory Lanez",dance pop,Atlantic Records UK
Johannes Brahms,5wTAi7QkpP6kp8a54lmTOq,66,1087047,I,5wTAi7QkpP6kp8a54lmTOq,"Antoni Wit, Daniel Barenboim, Idil Biret, Polish National Radio Symphony Orchestra","chamber music, classical, classical piano, orchestral","Musica Novantiqua, Novus Promusica, UME - Global Clearing House, Warner Classics"
Johnny Hodges,7lRFrrINQTY35g8hq0kXY5,45,50705,I,7lRFrrINQTY35g8hq0kXY5,,"cool jazz, jazz, swing music","Ace Records, Bella Musica Edition, Jube Legends, RCA Bluebird, Squatty Roo Records, SteepleChase, Verve, Verve Reissues"
Joji,3MZsBdqDrRTJihTHQrO6Dq,83,10774412,I,3MZsBdqDrRTJihTHQrO6Dq,"Lil Yachty, Yves Tumor",alt,"88rising Music, 88rising Music / EMPIRE"
jonatan leandoer96,5tPS5f7Gu3SaJQusdkehtE,46,178600,I,5tPS5f7Gu3SaJQusdkehtE,,"cloud rap, rap","World Affairs, YEAR0001"
Julian Casablancas,1rAv1GhTQ2rmG94p9lU3rB,63,604304,I,1rAv1GhTQ2rmG94p9lU3rB,,indie,RCA Records Label
Juliana Chahayed,2qvGuhgaubJ02pfiKcJAdR,48,127394,I,2qvGuhgaubJ02pfiKcJAdR,,"edm, lo-fi indie",Unknown
Kanye West,5K4W6rqBFWDnAN6FQUkS6x,91,31306636,"M, I, C",5K4W6rqBFWDnAN6FQUkS6x,"Bon Iver, DJ Premier, Drake, Eminem, Frank Ocean, Lil Baby, Lil Durk, Playboi Carti, Rich The Kid, The Weeknd, Travis Scott",rap,"Getting Out Our Dreams II / Def Jam Recordings, Getting Out Our Dreams II, LLC / Def Jam Recordings, Getting Out Our Dreams, Inc./Def Jam Recordings, Rock The World/IDJ/Kanye LP7, Rock The World/IDJ/Kanye/LP6, YZY"
Kap G,6JvU33PZ8MtZyeFTESr09O,44,503169,M,6JvU33PZ8MtZyeFTESr09O,"A Boogie Wit da Hoodie, Gunna, HoodRich Pablo Juan, Lil Baby, Lil Uzi Vert, Playboi Carti, Quavo, Young Thug","southern hip hop, trap","Atlantic Records, Fourtune Entertainment Inc., RTR records, Richest In The Room"
Karnivool,6rX8AFY10dsJkJsv23Z9Um,49,243319,C,6rX8AFY10dsJkJsv23Z9Um,,"alternative metal, djent, progressive metal, progressive rock","Columbia, Karnivool, Vagrant Records"
Kasabian,11wRdbnoYqRddKBrpHt4Ue,62,1875364,C,11wRdbnoYqRddKBrpHt4Ue,,"britpop, indie, indie rock","Columbia, Harvest Records, RCA Records Label, Sony BMG Music UK, Sony Music UK"
Kendrick Lamar,2YZyLoL8N0Wb9xBt1NhZWg,90,45094537,"M, I, C",2YZyLoL8N0Wb9xBt1NhZWg,"Drake, Future, Jhené Aiko, Kodak Black, The Weeknd, Travis Scott","hip hop, west coast hip hop","Aftermath, Black Panther (TDE/DMG) PS, Top Dawg Entertainment / Section.80, pgLang, under exclusive license to Interscope Records, pgLang/Top Dawg Entertainment/Aftermath/Interscope Records"
Key Glock,0RESbWvOMyua0yuyVrztJ5,74,2423599,M,0RESbWvOMyua0yuyVrztJ5,"Paper Route EMPIRE, PaperRoute Woo, Rich The Kid, SNUPE BANDZ, Young Dolph","southern hip hop, trap","Key Glock, Paper Route EMPIRE"
King Krule,4wyNyxs74Ux8UIDopNjIai,61,970891,C,4wyNyxs74Ux8UIDopNjIai,,"indie, jazz rock, post-punk jazz","Matador, True Panther Sounds"
King Von,6QtgPSJPSzcnn7dPZ4VINp,77,8110732,M,6QtgPSJPSzcnn7dPZ4VINp,"21 Savage, 42 Dugg, A Boogie Wit da Hoodie, Lil Durk, Moneybagg Yo, NLE Choppa, Offset, Polo G, Tee Grizzley","chicago drill, drill","Forever and a Day, LLC / EMPIRE"
Kings of Leon,2qk9voo8llSGYcZ6xrBzKx,78,5789529,C,2qk9voo8llSGYcZ6xrBzKx,,rock,"LoveTap Records, LLC, under exclusive license to Capitol Records, RCA Records Label, RCA/Legacy"
Kinrose,6SUbi1ZVEswHqRUWsxmq2m,36,20263,M,6SUbi1ZVEswHqRUWsxmq2m,,"drill, uk drill",Unknown
Kodak Black,46SHBwWsqBkxI7EeeBEQG7,81,12584931,M,46SHBwWsqBkxI7EeeBEQG7,"6ix9ine, A Boogie Wit da Hoodie, D-Block Europe, Don Toliver, Future, Gucci Mane, Gunna, Lil Durk, Lil Tecca, Lil Yachty, Moneybagg Yo, NLE Choppa, Offset, Pooh Shiesty, Tory Lanez, Travis Scott, Young Thug","rap, southern hip hop, trap","Atlantic Records, Vulture Love, LLC/ Capitol Records, Vulture Love/Capitol Records"
Kurupt,6NyJIFHAePjHR1pFxwisqz,61,778650,M,6NyJIFHAePjHR1pFxwisqz,"Kendrick Lamar, The Alchemist","g-funk, gangster rap, old school hip hop, west coast hip hop","Antra Records / Essential Media Group, Compound Interest, Dogg Food Records / RIVAL, Penagon, Penagon Entertainment, Penagon Entertainment LLC"
La Capone,69HouC7BpXVxTAFwpckJHs,40,183595,M,69HouC7BpXVxTAFwpckJHs,,"chicago drill, drill","Streameum Entertainment, Team 600 / La Capone"
Lady Radiator,5U2FH1VnxiZYbLcUVWGrov,46,29212,C,5U2FH1VnxiZYbLcUVWGrov,,post-hardcore,Lady Radiator
Le Tigre,2n6FviARgtjjimZXu18uRM,62,551857,I,2n6FviARgtjjimZXu18uRM,,"electroclash, indie, queercore, riot grrrl","Le Tigre, Le Tigre Records, Motown, Mr. Lady Records, Le Tigre Records"
Leo Kaliski,0Q17losYLQmvFMI0dxBqIz,33,703,I,0Q17losYLQmvFMI0dxBqIz,,indie,Unknown
Lil Baby,5f7VJjfbwm532GiveGC0ZK,86,21863653,M,5f7VJjfbwm532GiveGC0ZK,"21 Savage, 42 Dugg, Central Cee, DaBaby, Drake, Future, Gucci Mane, Gunna, HoodRich Pablo Juan, Lil Durk, Lil Uzi Vert, Lil Yachty, Meek Mill, Moneybagg Yo, NAV, Offset, Pooh Shiesty, Quality Control, Quavo, The Weeknd, Travis Scott, Young Dolph, Young Thug","melodic rap, rap, trap","Quality Control Music (Caroline), Quality Control Music, LLC, Quality Control Music/Alamo Records/Motown Records, Quality Control Music/Motown Records, Quality Control Music/Motown Records/Capitol Records, Quality Control Music/Young Stoner Life Records, a 300 Entertainment Label/Motown Records/Capitol Records, Quality Control/Motown Records"
Lil Durk,3hcs9uc56yIGFCSy9leWe7,80,9645053,M,3hcs9uc56yIGFCSy9leWe7,"21 Savage, A Boogie Wit da Hoodie, Don Toliver, Drake, Future, Gucci Mane, Gunna, Jhené Aiko, Kanye West, Key Glock, King Von, Kodak Black, Lil Baby, Lil Tjay, Lil Yachty, Meek Mill, Metro Boomin, Migos, Moneybagg Yo, Mustard, NLE Choppa, Polo G, Pooh Shiesty, Quavo, Tee Grizzley, Travis Scott, Young Dolph, Young Thug","chicago drill, drill","Alamo, Only The Family / Alamo Records, LLC / EMPIRE, Quality Control Music/Alamo Records/Motown Records"
Lil Tecca,4Ga1P7PMIsmqEZqhYZQgDo,80,10275630,M,4Ga1P7PMIsmqEZqhYZQgDo,"A Boogie Wit da Hoodie, Don Toliver, Gunna, Kodak Black, Lil Durk, Lil Tjay, Lil Uzi Vert, Lil Yachty, NAV, Polo G","melodic rap, rap","Galactic / Republic Records, Galactic Records/Lil Tecca, Republic Records"
Lil Tjay,6jGMq4yGs7aQzuGsMgVgZR,76,10274995,M,6jGMq4yGs7aQzuGsMgVgZR,"42 Dugg, D-Block Europe, Lil Baby, Lil Durk, Lil Tecca, Moneybagg Yo, NLE Choppa, Offset, Polo G, Pop Smoke, Rich The Kid, Sheff G","brooklyn drill, melodic rap",Columbia
Lil Uzi Vert,4O15NlyKLIASxsJ0PrXPfz,84,19379652,M,4O15NlyKLIASxsJ0PrXPfz,"21 Savage, 42 Dugg, Don Toliver, Future, Gucci Mane, Gunna, HoodRich Pablo Juan, Kanye West, Lil Durk, Meek Mill, NAV, Offset, Playboi Carti, Pooh Shiesty, Quavo, The Weeknd, Travis Scott, Young Nudy, Young Thug",melodic rap,Generation Now/Atlantic
Lil Yachty,6icQOAFXDZKsumw3YXyusw,77,10950456,"M, I",6icQOAFXDZKsumw3YXyusw,"A$AP Rocky, DaBaby, Drake, Future, Gucci Mane, Gunna, Kodak Black, Lil Baby, Lil Durk, Lil Tecca, Migos, Offset, Playboi Carti, Quality Control, Quavo, Southside, Tame Impala, Tee Grizzley, Tm88, Tyler, The Creator, Young Nudy, Young Thug","melodic rap, rap","QCLG, Quality Control Music, LLC, Quality Control Music/Motown Records, Quality Control Music/Motown Records/Capitol Records"
limly,1lv5lu5VRmHIsFz006l5rF,51,4610,I,1lv5lu5VRmHIsFz006l5rF,,"edm, slowcore",Unknown
Local Natives,75dQReiBOHN37fQgWQrIAJ,54,663128,C,75dQReiBOHN37fQgWQrIAJ,,indie,"Frenchkiss Records, Loma Vista, Loma Vista Recordings"
Mac DeMarco,3Sz7ZnJQBIHsXLUSo0OQtM,81,8103232,I,3Sz7ZnJQBIHsXLUSo0OQtM,,"indie, lo-fi indie","Captured Tracks, Mac DeMarco, LLC, Royal Mountain Records"
MadeinTYO,5SyGEPymt1G2uto47tVWvZ,56,1033200,M,5SyGEPymt1G2uto47tVWvZ,"Blood Orange, Gunna, Key Glock, Tm88, Travis Scott, Young Nudy","hip hop, trap","Commission Records, Commission/BMG, MadeinTYO, Madeinsounds, Madeinsounds/GDF Records/Creator-sync, Outliers Entertainment, Private Club Records., Yokohama"
Markus Pawlik,7tTCdjIEm4DHFxgquKT18a,34,375,I,7tTCdjIEm4DHFxgquKT18a,"Antoni Wit, Moritz Moszkowski, Polish National Radio Symphony Orchestra",classical,"Naxos, Sono Luminus"
Masego,3ycxRkcZ67ALN3GQJ57Vig,71,1613284,M,3ycxRkcZ67ALN3GQJ57Vig,"DJ Candlestick, Don Toliver, Freddie Gibbs, Tiffany Gouché","alternative r&b, r&b, soul","EQT Recordings, EQT Recordings - Masego, EQT Recordings/Capitol Records, TrapHouseJazz"
Matt Maltese,12j6dJrPXanCBwY599pZxf,67,768333,I,12j6dJrPXanCBwY599pZxf,,indie,"Atlantic Records UK, Nettwerk Music Group, Tonight Matthew"
Meek Mill,20sxb77xiYeusSH8cVdatc,74,8299305,M,20sxb77xiYeusSH8cVdatc,"21 Savage, 42 Dugg, A Boogie Wit da Hoodie, Brent Faiyaz, Drake, Ed Sheeran, Future, Kendrick Lamar, Kodak Black, Lil Baby, Lil Durk, Lil Uzi Vert, Moneybagg Yo, Quavo, Tee Grizzley, The Weeknd, Tory Lanez, Travis Scott, Young Stoner Life, Young Thug",rap,"MMG/Atlantic, Maybach Music Group under exclusive license to gamma., Meek Mill"
Men I Trust,3zmfs9cQwzJl575W1ZYXeT,71,2349792,C,3zmfs9cQwzJl575W1ZYXeT,,"bedroom pop, indie pop","Independent, Indie, Men I Trust, independent"
Metro Boomin,0iEtIxbK0KxaSlF7G42ZOp,85,11832704,"M, I",0iEtIxbK0KxaSlF7G42ZOp,"21 Savage, A Boogie Wit da Hoodie, A$AP Rocky, DJ Candlestick, Don Toliver, Drake, Future, Gucci Mane, Gunna, Kendrick Lamar, Kodak Black, Lil Baby, Lil Durk, Lil Uzi Vert, NAV, Offset, Playboi Carti, Quavo, The Weeknd, Travis Scott, Young Nudy, Young Thug","hip hop, trap","Metro Boomin Shared, Republic Records, Wilburn Holding Co./Boominati/Epic/Republic"
Michael Jackson,3fMbdgg4jU18AjLCKBhRSm,87,38033428,M,3fMbdgg4jU18AjLCKBhRSm,Kanye West,"pop, r&b, soul","Epic, Epic/Legacy, Epic/MJJ"
Migos,6oMuImdp5ZcFhWP0ESe6mG,75,14692907,M,6oMuImdp5ZcFhWP0ESe6mG,"21 Savage, Calvin Harris, DaBaby, Drake, Frank Ocean, Future, Gucci Mane, HoodRich Pablo Juan, Lil Durk, Lil Uzi Vert, Lil Yachty, Mustard, Offset, Polo G, Pop Smoke, Quality Control, Quavo, Rich The Kid, Travis Scott, Young Dolph, Young Thug",trap,"101 Distribution, Black Market Records, Familiar Territory, Quality Control Music, Quality Control Music, LLC, Quality Control Music/Motown Records, RBC Records"
Miriam Keogh,6tIWNVs4HVdJCZai0rxYr4,47,257,I,6tIWNVs4HVdJCZai0rxYr4,"Camille Saint-Saëns, Frédéric Chopin, Gabriel Fauré, None, Sebastian Comberti",indie,Cello Classics
Mitski,2uYWxilOVlUdk4oV9DvwqK,80,11137515,I,2uYWxilOVlUdk4oV9DvwqK,,alt,"Dead Oceans, Good Harbor"
Moby,3OsRAKCvk37zwYcnzRf5XF,70,2083749,M,3OsRAKCvk37zwYcnzRf5XF,,"downtempo, trip hop","Deutsche Grammophon (DG), Moby Entertainment, Mute"
Moderat,2exkZbmNqMKnT8LRWuxWgy,56,765615,C,2exkZbmNqMKnT8LRWuxWgy,,"electronica, idm","50 WEAPONS, BPitch Control, Monkeytown Records, Mute"
Mojave 3,4jSYHcSo85heWskYvAULio,48,185382,C,4jSYHcSo85heWskYvAULio,,"dream pop, shoegaze, slowcore",4AD
Molchat Doma,1nVq0hKIVReeaiB3xJgKf0,62,1599006,I,1nVq0hKIVReeaiB3xJgKf0,,"cold wave, darkwave, gothic rock, post-punk, rock",Sacred Bones Records
Moneybagg Yo,3tJoFztHeIJkJWMrx0td2f,75,5178495,M,3tJoFztHeIJkJWMrx0td2f,"42 Dugg, A Boogie Wit da Hoodie, BlocBoy JB, DaBaby, Freddie Gibbs, Future, Gunna, Jhené Aiko, King Von, Kodak Black, Lil Baby, Lil Durk, Lil Tjay, Meek Mill, NLE Choppa, Offset, Polo G, Pooh Shiesty, Quality Control, Quavo, Rich The Kid, Southside, Tee Grizzley, Tm88, Young Dolph, Young Thug","rap, southern hip hop, trap","CMG/Interscope Records, CMG/N-Less/Interscope Records, N-Less Entertainment, LLC distributed by Interscope Records. With Epic Records and CMG Enterprises., NLess Entertainment, Services Account"
Moritz Moszkowski,5x2Ufw4gSPVw4TNcGCpFT1,38,12932,I,5x2Ufw4gSPVw4TNcGCpFT1,"Antoni Wit, Frédéric Chopin, Johannes Brahms, Markus Pawlik, Polish National Radio Symphony Orchestra","classical, classical piano","Apfel Café Music, Beatclap, Pianozone, Warner Classics, iMD-Claudio Colombo"
muna,4URLjSfWtdArslMrlA5suJ,32,4784,M,4URLjSfWtdArslMrlA5suJ,,"alt pop, indie pop",MMF Records
Mustard,0YinUQ50QDB7ZxSCLyQ40k,72,1964025,M,0YinUQ50QDB7ZxSCLyQ40k,"42 Dugg, A Boogie Wit da Hoodie, A$AP Rocky, Don Toliver, Future, Gunna, Kodak Black, Lil Durk, Lil Yachty, Masego, Meek Mill, Migos, NAV, Playboi Carti, Quavo, Rich The Kid, Travis Scott, Young Thug","hip hop, west coast hip hop","10 Summers Records/Interscope Records, BMG Rights Management (US) LLC, DJ Mustard/Roc Nation, Roc Nation/DJ Mustard P&D"
Nana Grizol,7FPO7WTShHCXnmVv7lhhZM,35,47196,I,7FPO7WTShHCXnmVv7lhhZM,,"anti-folk, folk, folk punk","Arrowhawk Records / Don Giovanni, Cruisin Records, Orange Twin"
Nation,03D2b6ATNCne8B3D251ncQ,32,13114,I,03D2b6ATNCne8B3D251ncQ,"Bladee, Ecco2k, Varg²™","electroclash, hyperpop","Nation, YEAR0001"
NAV,7rkW85dBwwrJtlHRDkJDAC,71,3570375,M,7rkW85dBwwrJtlHRDkJDAC,"21 Savage, Don Toliver, Future, Gucci Mane, Gunna, Lil Baby, Lil Durk, Lil Uzi Vert, Meek Mill, Metro Boomin, Offset, Playboi Carti, Pop Smoke, Quavo, SahBabii, The Weeknd, Travis Scott, Young Thug",melodic rap,"Republic Records, XO / Republic Records, XO Records, XO Records / Republic Records, XO Records, LLC and Republic Records"
Nick Drake,5c3GLXai8YOMid29ZEuR9y,62,959143,I,5c3GLXai8YOMid29ZEuR9y,,"folk, singer-songwriter","UMC (Universal Music Catalogue), Universal-Island Records Ltd."
Nirvana,6olE6TJLqED3rqDCT0FyPh,83,23655349,I,6olE6TJLqED3rqDCT0FyPh,,"grunge, rock","DGC, Geffen"
NLE Choppa,0ErzCpIMyLcjPiwT4elrtZ,76,10108543,M,0ErzCpIMyLcjPiwT4elrtZ,"Big Scarr, BlocBoy JB, Lil Baby, Meek Mill, Moneybagg Yo, Polo G, Pooh Shiesty, Young Thug","rap, trap","STREETZRUS, LLC., Warner Records"
No Clear Mind,2GkzAz3xr5IasfL5ukwDb9,40,47628,C,2GkzAz3xr5IasfL5ukwDb9,,post-rock,568735 Records DK
,7jXUQgHvIWbra34WkJcezO,47,389,I,7jXUQgHvIWbra34WkJcezO,"Camille Saint-Saëns, Frédéric Chopin, Gabriel Fauré, Johannes Brahms, Miriam Keogh, Sebastian Comberti","bhajan, vocal","Amber Rose Guitar Music, GT Digital / Panoramic ceilings, GT Digital / Paper Cut Music, Intrada, Nordic Sound, Phoenix USA, Silverback Ent., Suoni e Colori"
Offset,4DdkRBBYG6Yk9Ka8tdJ9BW,79,5679919,M,4DdkRBBYG6Yk9Ka8tdJ9BW,"21 Savage, D-Block Europe, Don Toliver, Future, Gucci Mane, Gunna, Key Glock, King Von, Lil Durk, Metro Boomin, Moneybagg Yo, Quality Control, Quavo, Travis Scott, Young Nudy, Young Thug","rap, trap","Motown Records, Quality Control Music/Motown Records, Slaughter Gang, LLC/Epic/Quality Control Music/Motown/Capitol/Boominati Worldwide/Republic"
Oklou,6fFcUOFcbjeIuEomuUthkw,63,230930,I,6fFcUOFcbjeIuEomuUthkw,Bladee,"art pop, hyperpop","Memory No. 36 Recordings, True Panther Records"
Olivver the Kid,3SoOohS0zlj8nLdGmhrKA7,39,47368,I,3SoOohS0zlj8nLdGmhrKA7,,"melodic bass, pop","La Bouquet, Olivver the Kid, Under exclusive license to Amuseio AB"
Paper Route EMPIRE,65smG2lgnRmrDB8g7z1hG0,56,135488,M,65smG2lgnRmrDB8g7z1hG0,"Gucci Mane, Key Glock, PaperRoute Woo, SNUPE BANDZ, Young Dolph","southern hip hop, trap",Paper Route EMPIRE
PaperRoute Woo,5D2pVmcsajqTCO3czYdzrF,49,21952,M,5D2pVmcsajqTCO3czYdzrF,"Key Glock, SNUPE BANDZ, Young Dolph","brooklyn drill, drill",Paper Route Empire
Pavement,3inCNiUr4R6XQ3W43s9Aqi,59,745456,I,3inCNiUr4R6XQ3W43s9Aqi,,"alt, alternative rock, indie",Matador
Pearl Jam,1w5Kfo2jwwIPruYS2UWh56,76,9989805,C,1w5Kfo2jwwIPruYS2UWh56,,"grunge, post-grunge, rock","Epic/Legacy, MUSIC ALLIGATOR LTD, Pearl Jam Ten Club, Pearl Jam/Monkeywrench, Republic Records, Republic/Pearl Jam, Universal-Island Records Ltd."
Phantom Handshakes,1zg9SzoXC2U50P7Q403Alo,34,8045,C,1zg9SzoXC2U50P7Q403Alo,,"dream pop, shoegaze","602379 Records DK, Phantom Handshakes"
Phantom Youth,6R3Zn2xPFisfiGQIrp4sKd,34,5972,C,6R3Zn2xPFisfiGQIrp4sKd,,"dream pop, shoegaze","Phantom Youth under exclusive license to Amuseio AB, Spirit Goth Records"
Phoebe Bridgers,1r1uxoy19fzMxunt3ONAkG,78,3039043,I,1r1uxoy19fzMxunt3ONAkG,The Marías,indie,Dead Oceans
Pinegrove,2gbT6GPXMis0OAkZbEQCYB,63,531871,I,2gbT6GPXMis0OAkZbEQCYB,,"midwest, midwest emo","Audiotree Music, Pinegrove, Rough Trade, Run For Cover Records"
Pixies,6zvul52xwTWzilBZl6BUbT,70,3586665,I,6zvul52xwTWzilBZl6BUbT,,"alt, alternative rock","4AD, BMG Rights Management (UK) Ltd., Infectious Music, Pixies Music"
Playboi Carti,699OTQXzgjhIYAHMy9RyPD,87,15207323,M,699OTQXzgjhIYAHMy9RyPD,"A$AP Rocky, Don Toliver, Future, Gunna, Jhené Aiko, Kanye West, Kendrick Lamar, Kodak Black, Lil Uzi Vert, Skepta, The Weeknd, Travis Scott, Young Nudy, Young Thug",rage rap,"AWGE Label, AWGE/Interscope Records"
POLIÇA,34vLhockmYhf3LgznwyNaQ,44,181741,C,34vLhockmYhf3LgznwyNaQ,,"alternative, indie","Memphis Industries, Mom+Pop, Totally Gross National Product, mom+pop music"
Polish National Radio Symphony Orchestra,62QURushyB5wug2XPwajwK,46,9864,I,62QURushyB5wug2XPwajwK,"Antoni Wit, Camille Saint-Saëns, Frédéric Chopin, Gabriel Fauré, Idil Biret, Johannes Brahms, Markus Pawlik, Moritz Moszkowski","classical, orchestral","Accentus Music, Albany Records, DUX, Domino Recording Co, Musiques Suisses, Naxos Japan, Naxos Special Projects, Ondine, eplus music"
Polo G,6AgTAQt8XS6jRWi4sX7w49,78,13163309,M,6AgTAQt8XS6jRWi4sX7w49,"42 Dugg, DaBaby, Eminem, Future, Gunna, Lil Baby, Lil Durk, Lil Tjay, Moneybagg Yo, Mustard, NLE Choppa, Offset, Pop Smoke, Southside, Tee Grizzley, Young Thug","chicago drill, melodic rap",Columbia
Pooh Shiesty,5F1aAS1duwlzExnPs3l2Xe,69,2160631,M,5F1aAS1duwlzExnPs3l2Xe,"21 Savage, 42 Dugg, Big Scarr, Gucci Mane, Gunna, Kodak Black, Lil Baby, Lil Durk, Lil Uzi Vert, Moneybagg Yo","southern hip hop, trap",Atlantic Records
Pop Smoke,0eDvMgVFoNV3TpwtrVCoTj,77,15685925,M,0eDvMgVFoNV3TpwtrVCoTj,"21 Savage, 42 Dugg, A Boogie Wit da Hoodie, A$AP Rocky, DaBaby, Future, Gunna, Jhené Aiko, Kanye West, Kodak Black, Lil Baby, Lil Tjay, NAV, Quavo, Skepta, Young Thug","brooklyn drill, drill, new york drill","Victor Victor Worldwide, Victor Victor Worldwide/Republic Records"
Porcupine Tree,5NXHXK6hOCotCF8lvGM1I0,54,770984,C,5NXHXK6hOCotCF8lvGM1I0,,"art rock, progressive metal, progressive rock, space rock","Kscope, Music For Nations, Snapper Music Ltd"
Quality Control,6i392l38cR3uBPF0DbNs7S,66,1620767,M,6i392l38cR3uBPF0DbNs7S,"DaBaby, Gucci Mane, Gunna, Kodak Black, Lil Baby, Lil Yachty, Meek Mill, Migos, Moneybagg Yo, Mustard, Offset, Playboi Carti, Quavo, Tee Grizzley, Travis Scott, Young Thug","hip hop, trap","Quality Control Music, LLC, Quality Control Music/Motown Records"
Quavo,0VRj0yCOv2FXJNP47XQnx5,78,8156732,M,0VRj0yCOv2FXJNP47XQnx5,"21 Savage, Drake, Future, Gucci Mane, Gunna, Huncho Jack, Lil Baby, Lil Uzi Vert, Meek Mill, Migos, Mustard, Offset, Quality Control, Rich The Kid, Tory Lanez, Travis Scott, Yeat, Young Thug","rap, trap","Quality Control Music - Epic, Quality Control Music/Motown Records, Quality Control Music/Motown Records/Capitol Records"
Radiohead,4Z8W4fKeB5YxbusRsdQVPb,87,14172116,"I, C",4Z8W4fKeB5YxbusRsdQVPb,,"alt, alternative rock, art rock",XL Recordings
RADWIMPS,1EowJ1WwkMzkCkRomFhui7,75,4853539,I,1EowJ1WwkMzkCkRomFhui7,,"anime, j-pop, j-rock","voque ting, voque ting co,. ltd., voque ting co., ltd."
Real Estate,41SQP16hv1TioVYqdckmxT,46,409324,C,41SQP16hv1TioVYqdckmxT,,"dream pop, jangle pop, surf rock","Domino Recording Co, Real Estate The Band"
Rehash,10WfoBIKKTSqCvkeG1XW9T,52,87895,C,10WfoBIKKTSqCvkeG1XW9T,,shoegaze,"Rehash Records, broke"
Rich The Kid,1pPmIToKXyGdsCF6LmqLmI,66,3495297,M,1pPmIToKXyGdsCF6LmqLmI,"21 Savage, A Boogie Wit da Hoodie, D-Block Europe, DaBaby, Future, Gucci Mane, Gunna, Kanye West, Kendrick Lamar, Key Glock, Kodak Black, Lil Baby, Lil Tjay, Migos, Moneybagg Yo, NAV, Offset, Polo G, Quavo, Southside, Tm88, Tory Lanez, Young Thug",trap,"300 Entertainment, Interscope Records, RTK/gamma., Republic Records, Rich Forever, Rich Forever Music / EMPIRE, Rich The Kid / (TDE/ISR PS)"
Ride,0WPY9nnBy01s5QOt4o4oQX,44,259326,C,0WPY9nnBy01s5QOt4o4oQX,,"britpop, dream pop, jangle pop, madchester, neo-psychedelic, shoegaze, slowcore","Rhino/Warner Records, Wichita Recordings, Wichita Recordings Ltd."
River Tiber,1FHDMgGdmIP4IsoFkAwbS0,49,79788,C,1FHDMgGdmIP4IsoFkAwbS0,,"pop, r&b",River Tiber
SahBabii,7GuUYiGZOzQwq4L6gAfy1T,58,759410,M,7GuUYiGZOzQwq4L6gAfy1T,21 Savage,melodic rap,"Arena Music Productions, LLC, Casting Bait Music Group / under exclusive license to StreamCut Media, LLC, StreamCut Media, LLC, Warner Records"
Sebastian Comberti,0JTq0OP9uGo5T6gG6UNsma,47,1734,I,0JTq0OP9uGo5T6gG6UNsma,"Camille Saint-Saëns, Frédéric Chopin, Gabriel Fauré, Miriam Keogh, None",indie,"Cello Classics, Clarinet and Saxophone Classics, Claves Records, Disky, harmonia mundi"
Seether,6B5c4sch27tWHAGdarpPaW,71,3860963,C,6B5c4sch27tWHAGdarpPaW,,"alternative metal, post-grunge, rock","Craft Recordings, Fantasy, Fantasy Records, UME - Global Clearing House"
Sewerslvt,30F64wQIHvLiFTGaNZ73nU,55,414528,C,30F64wQIHvLiFTGaNZ73nU,,"breakcore, hyperpop, jungle, speedcore","Cynthoni, SWRSLT"
Sheff G,1tG7s7S4sq2eFFW0QZyLbm,65,1237929,M,1tG7s7S4sq2eFFW0QZyLbm,"A Boogie Wit da Hoodie, King Von, Lil Tecca, Lil Tjay, Polo G, Rich The Kid","brooklyn drill, drill, new york drill","Winners Circle / EMPIRE, Winners Circle/RCA Records"
Skepta,2p1fiYHYiXz9qi0JJyxBzN,77,1647948,M,2p1fiYHYiXz9qi0JJyxBzN,"A$AP Rocky, Pop Smoke","grime, uk grime","3Beat, Boy Better Know, Epic Records UK, SKC M29"
Slowdive,72X6FHxaShda0XeQw3vbeF,66,1390553,C,72X6FHxaShda0XeQw3vbeF,,"dream pop, shoegaze, slowcore","Creation Records, Dead Oceans, Sony Music UK"
SNUPE BANDZ,72ltK39qT3DgtiCZgOAaGs,48,26926,M,72ltK39qT3DgtiCZgOAaGs,"Key Glock, PaperRoute Woo, Young Dolph","southern hip hop, trap","Paper Route Empire, Yung skooley"
SOHN,6XZYAWJLL8UIbxAqjKj3cg,46,284676,C,6XZYAWJLL8UIbxAqjKj3cg,,"alternative, indie","4AD, APM"
Southside,23DYJsw4uSCguIqiTIDtcN,59,189384,M,23DYJsw4uSCguIqiTIDtcN,"21 Savage, 42 Dugg, Future, Gunna, Lil Durk, Lil Uzi Vert, Lil Yachty, Moneybagg Yo, Playboi Carti, Polo G, Rich The Kid, Tm88, Travis Scott, Young Nudy, Young Thug",chicago drill,"808 MAFIA, 808 Mafia Records, Epic, Epic/Freebandz, Machine Entertainment Group - G Herbo, Whole Lotta Racks Ent. / 808 Mafia West"
Steve Lacy,57vWImR43h4CaDao012Ofp,79,6521000,"I, C",57vWImR43h4CaDao012Ofp,Calvin Harris,indie,"3qtr, L-M Records, L-M Records/RCA Records"
Steve Miller Band,6QtGlUje9TIkLrgPZrESuk,66,3367059,C,6QtGlUje9TIkLrgPZrESuk,,classic rock,"Capitol Records, Steve Miller - Owned, UME Direct"
Stone Temple Pilots,2UazAtjfzqBF0Nho2awK4z,70,4025731,C,2UazAtjfzqBF0Nho2awK4z,,"alternative rock, grunge, post-grunge, rock","Atlantic Records, Rhino, Rhino Atlantic"
Sufjan Stevens,4MXUO7sVCaFgFjoTI5ox5c,72,2379221,I,4MXUO7sVCaFgFjoTI5ox5c,,"baroque pop, indie",Asthmatic Kitty
Supertramp,3JsMj0DEzyWc0VDlHuy9Bx,71,3995925,C,3JsMj0DEzyWc0VDlHuy9Bx,,"classic rock, progressive rock","A&M, Mercury Studios"
Surf Rock Is Dead,5iwmHxCi5pm28BEykL5Fyd,35,34192,C,5iwmHxCi5pm28BEykL5Fyd,,"dream pop, shoegaze, surf rock","Born Losers Records, Surf Rock is Dead LLC"
Tamaryn,3TdVTSmMfLh55VrJDUpIQ2,46,68110,C,3TdVTSmMfLh55VrJDUpIQ2,,"dream pop, shoegaze","DERO Arcade, Major Arcana, Tamaryn"
Tame Impala,5INjqkS1o8h1imAzPqGZBb,86,9716263,"M, I",5INjqkS1o8h1imAzPqGZBb,"Blood Orange, Lil Yachty","indie, neo-psychedelic","Columbia, Modular, Universal Music Australia Pty. Ltd."
Tee Grizzley,6AUl0ykLLpvTktob97x9hO,69,4060913,M,6AUl0ykLLpvTktob97x9hO,"21 Savage, 42 Dugg, A Boogie Wit da Hoodie, Future, King Von, Lil Baby, Lil Durk, Lil Tjay, Lil Yachty, Meek Mill, Moneybagg Yo, Offset, Polo G, Quavo, Young Dolph","detroit hip hop, rap, trap",300 Entertainment
Thaiboy Digital,3cGojc1Yu89IHXx8OeSnee,54,189615,I,3cGojc1Yu89IHXx8OeSnee,"Bladee, Ecco2k, Varg²™, Yung Lean","cloud rap, hyperpop",YEAR0001
The 1975,3mIj9lX2MWuHmhNCA7LSCW,77,8009459,I,3mIj9lX2MWuHmhNCA7LSCW,,indie,"Dirty Hit, Interscope, Polydor Records, The 1975 Artist Deal P/S, The 1975 LP3 Artist Deal PS, UMC (Universal Music Catalogue)"
The Alchemist,0eVyjRhzZKke2KFYTcDkeu,73,907132,C,0eVyjRhzZKke2KFYTcDkeu,"Earl Sweatshirt, Eminem, Freddie Gibbs, Kurupt, Tyler, The Creator","alternative hip hop, boom bap, experimental hip hop, jazz rap","ALC, Backwoodz Studioz LLC, Freddie Gibbs and Alchemist, PIMPIRE RECORDS / MARCI ENTERPRISES, Surf Club Inc. / ALC / EMPIRE, Surf Club Inc. / EMPIRE, The Freeminded Records / 2 Chainz / ALC / EMPIRE, The Freeminded Records / ALC / EMPIRE"
The Crying Nudes,3tM7dj8ztmzKcugbIVMxy0,43,31890,C,3tM7dj8ztmzKcugbIVMxy0,,"alternative, indie",WORLD MUSIC
The Cure,7bu3H8JO7d0UbMoVzbo70s,77,6726472,C,7bu3H8JO7d0UbMoVzbo70s,,"darkwave, gothic rock, new wave, post-punk","Mercury Studios, Polydor Records, Rhino/Elektra, Sunday Best Recordings"
The Hellp,5DslL3PUa3BcRlCCEP64A4,55,94877,I,5DslL3PUa3BcRlCCEP64A4,,"electroclash, hyperpop, new rave","Anemoia/Atlantic, Atlantic Records, Terrible Records"
The Marías,2sSGPbdZJkaSE2AbcGOACx,84,3958513,I,2sSGPbdZJkaSE2AbcGOACx,,"bedroom pop, pop",Nice Life/Atlantic
The Neighbourhood,77SW9BnxLY8rJ0RciFqkHh,86,21902102,"I, C",77SW9BnxLY8rJ0RciFqkHh,,indie,"Columbia, Columbia/Legacy, Warner Records"
The Radio Dept.,0utS63XytOEVN1EtzWhJpG,54,206272,C,0utS63XytOEVN1EtzWhJpG,,"dream pop, shoegaze","Just So!, LABRADOR (LBD), XL Recordings"
The Smashing Pumpkins,40Yq4vzPs9VNUrIBG5Jr2i,75,6138468,I,40Yq4vzPs9VNUrIBG5Jr2i,Moby,"alt, alternative rock, rock","BMG Rights Management/Universal Music Canada, Martha's Music, Napalm Records Handels GmbH, SMASHING PUMPKINS - DEAL #2 PHYSICAL, Sumerian Records, Virgin Records"
The Smiths,3yY2gUcIsjMr8hjo51PoJ8,80,7838343,I,3yY2gUcIsjMr8hjo51PoJ8,,"jangle pop, madchester, new wave, rock","Rhino, WM UK"
The Strokes,0epOFNiUfyON9EYx7Tpr6V,76,6485845,I,0epOFNiUfyON9EYx7Tpr6V,,"alternative rock, garage rock, indie rock, rock","Cult Records/RCA Records, RCA Records Label"
The Velvet Underground,1nJvji2KIlWSseXRSlNYsC,62,2138616,I,1nJvji2KIlWSseXRSlNYsC,,"art rock, proto-punk, rock","ODL, Polydor, Rhino Atlantic, Rhino/Warner Records, Universal Records, Verve Reissues"
The War On Drugs,6g0mn3tzAds6aVeUYRsryU,60,1010333,C,6g0mn3tzAds6aVeUYRsryU,,indie rock,"Atlantic Records, Secretly Canadian, Super High Quality, Super High Quality Records"
The Weeknd,1Xyo4u8uXC1ZmMpatF05PJ,95,114452632,"M, I",1Xyo4u8uXC1ZmMpatF05PJ,"21 Savage, A$AP Rocky, Ariana Grande, Calvin Harris, Drake, Ed Sheeran, Eminem, Future, Kanye West, Kendrick Lamar, Lil Baby, Lil Uzi Vert, Metro Boomin, Mustard, Playboi Carti, Travis Scott, Tyler, The Creator, Young Thug","pop, r&b","Republic Records, Universal Republic Records, XO / Republic Records"
The Who,67ea9eGLXYMsO2eYQRui3w,67,5854998,C,67ea9eGLXYMsO2eYQRui3w,,"classic rock, rock","Mercury Studios, Polydor Records, UMC (Universal Music Catalogue), UME Direct, UMe Direct 2"
Tiësto,2o5jDhtHVPhrJdv3cEQ99Z,81,8025300,M,2o5jDhtHVPhrJdv3cEQ99Z,"21 Savage, A Boogie Wit da Hoodie, Calvin Harris, Coldplay, Gucci Mane, Joel Corry","big room, edm, trance","AFTR:HRS, Atlantic Records, Musical Freedom, Universal Music, a division of Universal International Music BV"
Tiffany Gouché,2IEnjZsVDEPKUTxNinyqba,44,33138,M,2IEnjZsVDEPKUTxNinyqba,Masego,"r&b, soul",Goochies Good LLC
Tirful,5wh9QhNjDHu546xgz3LqRF,22,3139,I,5wh9QhNjDHu546xgz3LqRF,,indie,Devoid Of
Title Fight,2CnhqfjUG0qzsru0SMuhrk,65,644016,C,2CnhqfjUG0qzsru0SMuhrk,,"emo, melodic hardcore, midwest emo, post-hardcore, shoegaze","Purple Circle Records, Run For Cover Records, SideOneDummy Records"
TK from Ling tosite sigure,3B9O5mYYw89fFXkwKh7jCS,59,527495,I,3B9O5mYYw89fFXkwKh7jCS,,"anime, j-pop, j-rock",Sony Music Labels Inc.
Tm88,5RMUeKq0dZxg9RHE1f0B9P,39,98988,M,5RMUeKq0dZxg9RHE1f0B9P,"Future, Gunna, Lil Uzi Vert, Lil Yachty, MadeinTYO, Moneybagg Yo, Rich The Kid, Southside, Young Nudy, Young Thug","hip hop, trap","Atlantic Records / Columbia Records / EMPIRE, Capitol Records, Rubberband Money Gang / Freebandz Ent."
Toby Fox,57DlMWmbVIf2ssJ8QBpBau,75,2141296,I,57DlMWmbVIf2ssJ8QBpBau,"Augustine Mayuga Gonzales, David Peacock","edm, soundtrack","Camellia, Temmie Chang & Toby Fox, Materia Collective, Monstercat"
Tom Petty,2UZMlIwnkgAEDBsw1Rejkn,69,2989589,C,2UZMlIwnkgAEDBsw1Rejkn,Tom Petty and the Heartbreakers,classic rock,"143/Warner Records, American Recordings, Geffen, Reprise, Tom Petty P&D, Warner Records"
Tom Petty and the Heartbreakers,4tX2TplrkIP4v05BNC903e,69,3113880,C,4tX2TplrkIP4v05BNC903e,Tom Petty,classic rock,"Geffen, Reprise, Warner Records"
Tommy Richman,1WaFQSHVGZQJTbf0BdxdNo,70,949186,M,1WaFQSHVGZQJTbf0BdxdNo,"Brent Faiyaz, Trevor Spitta","alternative r&b, indie pop","Boom.Records, PULSE Records"
TOOL,2yEwvVSSSUkcLeSTNyHKh8,73,4566599,C,2yEwvVSSSUkcLeSTNyHKh8,,"alternative metal, metal, progressive metal, progressive rock",RCA Records Label
Tory Lanez,2jku7tDXc6XoB6MO2hFuqg,81,8401950,M,2jku7tDXc6XoB6MO2hFuqg,"42 Dugg, A Boogie Wit da Hoodie, DaBaby, Fredo, Future, Gunna, Kodak Black, Lil Baby, Lil Tjay, Meek Mill, NAV, Quavo, Rich The Kid","canadian hip hop, r&b, rap","One Umbrella Records, One Umbrella Records, distributed by PRSL"
Travis Scott,0Y5tJX1MQlPlqiwlOH1tJY,91,41542753,"M, C",0Y5tJX1MQlPlqiwlOH1tJY,"21 Savage, Don Toliver, Drake, Ed Sheeran, Future, Gunna, Huncho Jack, Kanye West, Kodak Black, Lil Baby, Lil Uzi Vert, Metro Boomin, Migos, Mustard, Offset, Playboi Carti, Pop Smoke, Quavo, SahBabii, Southside, The 1975, The Weeknd, Young Thug, Yung Lean",rap,"Cactus Jack / Epic, Cactus Jack/Epic, Quality Control Music - Epic"
Trevor Spitta,6uCXq7IoXFqGSB3L5zX5oV,41,23808,M,6uCXq7IoXFqGSB3L5zX5oV,Tommy Richman,"hip hop, rap","Kids Who Jumped, Never Stop Dreaming Music, Sunset Moshpit Productions"
Triathalon,2SaIA1enj83vEmJikZdjQ3,41,100315,C,2SaIA1enj83vEmJikZdjQ3,,bedroom pop,"Dead Oceans, Lex Records, Triathalon"
"Tyler, The Creator",4V8LLVI7PbaPR0K2TGSxFF,88,24805879,I,4V8LLVI7PbaPR0K2TGSxFF,"21 Savage, 42 Dugg, A$AP Rocky, Brent Faiyaz, Earl Sweatshirt, Frank Ocean, Kanye West, Lil Uzi Vert, Steve Lacy",rap,"Columbia, Odd Future"
Varg²™,4g2EfgpanE2Z9LG1nQ9zNy,41,53675,I,4g2EfgpanE2Z9LG1nQ9zNy,"Bladee, Ecco2k, Nation, Thaiboy Digital, Yung Lean","experimental, hyperpop","Blodörn, Northern Electronics, Posh Isolation, YEAR0001"
Vasilis Dokakis,7E74ReKi0BpodmTTNRY4nF,2,453,C,7E74ReKi0BpodmTTNRY4nF,No Clear Mind,"alternative, indie, post-rock",Inner Ear Records
Vegyn,5iUnvXddCpOrbWKm7QMr6o,57,159924,C,5iUnvXddCpOrbWKm7QMr6o,Matt Maltese,"experimental hip hop, idm","PLZ Make It Ruins, Parlophone (France)"
Wes Montgomery,03YhcM6fxypfwckPCQV8pQ,53,314967,I,03YhcM6fxypfwckPCQV8pQ,,"bebop, cool jazz, hard bop, jazz, jazz blues","Craft Recordings, Original Jazz Classics, Resonance Records"
Whirr,1tnjjbgszXYa8BbyTzwM0w,55,347606,C,1tnjjbgszXYa8BbyTzwM0w,,"dream pop, shoegaze, slowcore",Free Whirl
Wray,7j1EFfyMGmNxaLNIrVAID4,30,6737,C,7j1EFfyMGmNxaLNIrVAID4,,"dream pop, shoegaze","Communicating Vessels, Earth Libraries"
Yeat,3qiHUAX7zY4Qnjx8TNUzVx,81,6048148,M,3qiHUAX7zY4Qnjx8TNUzVx,"Don Toliver, Drake, Future, Gunna, Kodak Black, Lil Durk, Lil Uzi Vert, Quavo, SahBabii, Young Thug",rage rap,"Field Trip Recordings/Capitol Records, Field Trip Recordings/Geffen Records, Lyfestyle Corporation/Field Trip Recordings/Capitol Records, TwizzyRich"
You'll Never Get to Heaven,1tHzhv6nGl2i5ZaSSFiwK7,54,120912,C,1tHzhv6nGl2i5ZaSSFiwK7,,"dream pop, shoegaze",Mystic Roses
Young Dolph,3HiuzBlSW7pGDXlSFMhO2g,73,3366415,M,3HiuzBlSW7pGDXlSFMhO2g,"21 Savage, Future, Gucci Mane, Key Glock, Lil Baby, Lil Yachty, Migos, Offset, Paper Route EMPIRE, PaperRoute Woo, SNUPE BANDZ","southern hip hop, trap","Bern One Entertainment, Paper Route EMPIRE, Paper Route Empire"
Young Nudy,5yPzzu25VzEk8qrGTLIrE1,69,1700448,M,5yPzzu25VzEk8qrGTLIrE1,"21 Savage, DaBaby, Future, Gucci Mane, HoodRich Pablo Juan, Key Glock, Lil Uzi Vert, Lil Yachty, Metro Boomin, Offset","rap, southern hip hop, trap","Not specified, PDE Records/RCA Records"
Young Prisms,62Xs9S1gahH6vGEJ24qdkK,23,12948,C,62Xs9S1gahH6vGEJ24qdkK,,"dream pop, shoegaze","Fire Talk, Kanine Records"
Young Stoner Life,1xr2G8Hlx4QWmT9HaUbmoO,64,292148,M,1xr2G8Hlx4QWmT9HaUbmoO,"DaBaby, Don Toliver, Drake, Future, Gunna, Lil Baby, Lil Uzi Vert, Lil Yachty, Meek Mill, NAV, Skepta, Travis Scott, Young Thug","rap, trap",300 Entertainment
Young Thug,50co4Is1HCEo8bhOyUWKpn,85,12525778,M,50co4Is1HCEo8bhOyUWKpn,"21 Savage, A$AP Rocky, Calvin Harris, DaBaby, Don Toliver, Drake, Ed Sheeran, Freddie Gibbs, Future, Gucci Mane, Gunna, Lil Baby, Lil Durk, Lil Uzi Vert, Lil Yachty, Meek Mill, Metro Boomin, Migos, NAV, Offset, Quality Control, Quavo, The Weeknd, Tm88, Travis Scott, Yeat, Young Dolph, Young Stoner Life","melodic rap, rap, trap","300 Entertainment, 300 Entertainment/Atl"
Yung Lean,67lytN32YpUxiSeWlKfHJ3,68,1169708,I,67lytN32YpUxiSeWlKfHJ3,"Ariel Pink, Bladee, Ecco2k, Thaiboy Digital, Travis Scott","cloud rap, rap","World Affairs, YEAR0001, Yung Lean"
Yves Tumor,0qu422H5MOoQxGjd4IzHbS,73,450715,C,0qu422H5MOoQxGjd4IzHbS,Blood Orange,"alternative, electronic","Apothecary Compositions, Warp Records"
ギヴン,6LQYtKNp3ZsJ9xOzVVUj5j,53,584627,I,6LQYtKNp3ZsJ9xOzVVUj5j,,"anime, j-pop",Sony Music Labels Inc.
